{"accuracy": 0.80112, "f1_score": 0.8012415025872175}